TimeStep,X_Normal_Heat,D_Minority_Defect,D_Normal_Defect,Exclusion_Gap
0,0.22006776928901672,0.08504001051187515,0.025988291949033737,0.059051718562841415
1,0.3207961916923523,0.10211184620857239,0.027243029326200485,0.0748688168823719
2,0.3633391261100769,0.12051406502723694,0.02875824086368084,0.0917558241635561
3,0.44559192657470703,0.1416299045085907,0.030802568420767784,0.11082733608782291
4,0.3004648983478546,0.1628907173871994,0.031810954213142395,0.131079763174057
5,0.3236037790775299,0.18621370196342468,0.03295670077204704,0.15325700119137764
6,0.38773101568222046,0.21328911185264587,0.03452190384268761,0.17876720800995827
7,0.44121822714805603,0.23554199934005737,0.0364285409450531,0.19911345839500427
8,0.5410784482955933,0.2610725462436676,0.03899938613176346,0.22207316011190414
9,0.5662821531295776,0.28757399320602417,0.0417078472673893,0.24586614593863487
10,0.709400475025177,0.3112480342388153,0.045393168926239014,0.2658548653125763
11,0.8277808427810669,0.33819130063056946,0.04988519102334976,0.2883061096072197
12,0.8301399946212769,0.3663231134414673,0.054353442043066025,0.31196967139840126
13,0.8551747798919678,0.3905833661556244,0.05896566063165665,0.33161770552396774
14,0.8270242214202881,0.4171149730682373,0.06333140283823013,0.35378357023000717
15,0.752366840839386,0.44066470861434937,0.06710266321897507,0.3735620453953743
16,0.6946700215339661,0.4614962637424469,0.07040505111217499,0.3910912126302719
17,0.6731813549995422,0.4791094660758972,0.0735124945640564,0.4055969715118408
18,0.7651480436325073,0.49420398473739624,0.0772877186536789,0.41691626608371735
19,0.754687488079071,0.5090157985687256,0.08095057308673859,0.428065225481987
20,0.7606391906738281,0.5275591611862183,0.08462788909673691,0.44293127208948135
21,0.7336077690124512,0.5457653403282166,0.08806638419628143,0.4576989561319351
22,0.6471030116081238,0.5629516839981079,0.09080671519041061,0.4721449688076973
23,0.6457959413528442,0.579609751701355,0.09351258724927902,0.48609716445207596
24,0.6446776986122131,0.5941486358642578,0.09618623554706573,0.4979624003171921
25,0.7078770995140076,0.6054259538650513,0.09933014959096909,0.5060958042740822
26,0.6841285824775696,0.615943431854248,0.1022634282708168,0.5136800035834312
27,0.5975178480148315,0.6275157928466797,0.10449457168579102,0.5230212211608887
28,0.6214832067489624,0.6411139965057373,0.10689554363489151,0.5342184528708458
29,0.6298699378967285,0.6561266183853149,0.10934340953826904,0.5467832088470459
30,0.566441535949707,0.6715397238731384,0.11127278953790665,0.5602669343352318
31,0.6328809857368469,0.6873893141746521,0.11371077597141266,0.5736785382032394
32,0.6109069585800171,0.7044217586517334,0.11595712602138519,0.5884646326303482
33,0.59250807762146,0.7221564650535583,0.11804147064685822,0.6041149944067001
34,0.688202440738678,0.7388270497322083,0.12086735665798187,0.6179596930742264
35,0.7356993556022644,0.7535576224327087,0.12404977530241013,0.6295078471302986
36,0.8180068731307983,0.7683441638946533,0.1278633028268814,0.6404808610677719
37,0.6520700454711914,0.7816963195800781,0.13033650815486908,0.651359811425209
38,0.7153769135475159,0.7947945594787598,0.13329598307609558,0.6614985764026642
39,0.7175799012184143,0.806964099407196,0.13625429570674896,0.6707098037004471
40,0.674435019493103,0.8185462355613708,0.13885174691677094,0.6796944886445999
41,0.587281346321106,0.829078733921051,0.14074130356311798,0.688337430357933
42,0.7064218521118164,0.8386057019233704,0.1435656100511551,0.6950400918722153
43,0.7358254790306091,0.8482893705368042,0.1466066986322403,0.7016826719045639
44,0.7113671898841858,0.8573392629623413,0.14943593740463257,0.7079033255577087
45,0.732702910900116,0.865298867225647,0.1524183452129364,0.7128805220127106
46,0.8294001817703247,0.8727585673332214,0.15615084767341614,0.7166077196598053
47,0.9010626077651978,0.8793258666992188,0.1604299545288086,0.7188959121704102
48,0.7982100248336792,0.8852927684783936,0.16387027502059937,0.7214224934577942
49,0.8157936334609985,0.8911217451095581,0.1674307882785797,0.7236909568309784
50,0.6315308809280396,0.8965174555778503,0.1695171743631363,0.727000281214714
51,0.6046982407569885,0.9015230536460876,0.1713819056749344,0.7301411479711533
52,0.433010995388031,0.9058687686920166,0.17188484966754913,0.7339839190244675
53,0.39837154746055603,0.9101250767707825,0.1721128523349762,0.7380122244358063
54,0.4204234778881073,0.9135390520095825,0.17251372337341309,0.7410253286361694
55,0.2894356846809387,0.9170565009117126,0.17188118398189545,0.7451753169298172
56,0.21692527830600739,0.9200569987297058,0.17067943513393402,0.7493775635957718
57,0.20834451913833618,0.9224017858505249,0.16941389441490173,0.7529878914356232
58,0.18535113334655762,0.924053966999054,0.16797111928462982,0.7560828477144241
59,0.1697363704442978,0.9256994128227234,0.16640986502170563,0.7592895478010178
60,0.19172056019306183,0.9267249703407288,0.16502752900123596,0.7616974413394928
61,0.17589980363845825,0.9276237487792969,0.16352510452270508,0.7640986442565918
62,0.21576282382011414,0.9282466769218445,0.1623433381319046,0.7659033387899399
63,0.14110666513442993,0.9291559457778931,0.16057562828063965,0.7685803174972534
64,0.16229984164237976,0.9300013184547424,0.15898236632347107,0.7710189521312714
65,0.16666477918624878,0.9304875135421753,0.157430037856102,0.7730574756860733
66,0.15625257790088654,0.9306530356407166,0.1558016836643219,0.7748513519763947
67,0.0718880444765091,0.9309734106063843,0.15351173281669617,0.7774616777896881
68,0.09627613425254822,0.9315531253814697,0.15142503380775452,0.7801280915737152
69,0.01894167810678482,0.9322517514228821,0.14873448014259338,0.7835172712802887
70,0.0,0.9327548146247864,0.14590635895729065,0.7868484556674957
71,0.13731729984283447,0.9326798319816589,0.14418257772922516,0.7884972542524338
72,0.07539577782154083,0.9326745867729187,0.1419765055179596,0.7906980812549591
73,0.08286178857088089,0.9323674440383911,0.13984206318855286,0.7925253808498383
74,0.012296542525291443,0.9320957660675049,0.1371597796678543,0.7949359863996506
75,0.0691080316901207,0.9317429661750793,0.1349450945854187,0.7967978715896606
76,0.044678330421447754,0.9313896894454956,0.13255073130130768,0.7988389581441879
77,0.0003863200545310974,0.9310359358787537,0.12982097268104553,0.8012149631977081
78,0.0,0.930745005607605,0.1271076500415802,0.8036373555660248
79,0.0,0.9304226040840149,0.12441474199295044,0.8060078620910645
80,0.0,0.9300674796104431,0.12174315750598907,0.808324322104454
81,0.0,0.9299435019493103,0.11909379065036774,0.8108497112989426
82,0.0,0.9298438429832458,0.11646751314401627,0.8133763298392296
83,0.015477903187274933,0.9298598170280457,0.11398753523826599,0.8158722817897797
84,0.05122695118188858,0.9299067854881287,0.11181328445672989,0.8180935010313988
85,0.10789802670478821,0.9295509457588196,0.11010705679655075,0.8194438889622688
86,0.06982021033763885,0.9291946291923523,0.1081174835562706,0.8210771456360817
87,0.0,0.9289538860321045,0.10559875518083572,0.8233551308512688
88,0.04011835902929306,0.9291446805000305,0.10342276096343994,0.8257219195365906
89,0.0,0.9293490648269653,0.10095617175102234,0.828392893075943
90,0.10367288440465927,0.9294926524162292,0.09933049231767654,0.8301621600985527
91,0.07293616235256195,0.9294450283050537,0.09748303890228271,0.831961989402771
92,0.07514806091785431,0.9295733571052551,0.09567494690418243,0.8338984102010727
93,0.0,0.9300859570503235,0.09330300986766815,0.8367829471826553
94,0.0,0.9304305911064148,0.09096228331327438,0.8394683077931404
95,0.0,0.9306349754333496,0.08865341544151306,0.8419815599918365
96,0.0,0.93076092004776,0.08637702465057373,0.8443838953971863
97,0.0,0.9304719567298889,0.08413369208574295,0.846338264644146
98,0.0,0.9301169514656067,0.08192397654056549,0.8481929749250412
99,0.0,0.929996132850647,0.07974839210510254,0.8502477407455444
