TimeStep,X_Conformity,D_Defect
0,0.25726014375686646,0.054692503064870834
1,0.3224871754646301,0.0685255229473114
2,0.41682517528533936,0.08652015030384064
3,0.3479312062263489,0.1005813330411911
4,0.4467240571975708,0.11898818612098694
5,0.4925881028175354,0.1390218287706375
6,0.46149972081184387,0.15702097117900848
7,0.429371178150177,0.17307530343532562
8,0.4440709352493286,0.18941110372543335
9,0.5656833052635193,0.21074248850345612
10,0.5667760968208313,0.23151758313179016
11,0.6018075942993164,0.2531930208206177
12,0.5873196721076965,0.2736506462097168
13,0.5603505969047546,0.29246991872787476
14,0.5936055183410645,0.31209269165992737
15,0.5536099076271057,0.3296712338924408
16,0.6192594766616821,0.34921932220458984
17,0.6313465237617493,0.3686397671699524
18,0.5794292688369751,0.385703980922699
19,0.6803600192070007,0.4057050347328186
20,0.6576216816902161,0.4243325889110565
21,0.7329781651496887,0.4447512924671173
22,0.7310575246810913,0.46440011262893677
23,0.8447481989860535,0.4866689145565033
24,0.7745130658149719,0.5060665607452393
25,0.7928264737129211,0.525229275226593
26,0.7953442931175232,0.5437207221984863
27,0.7174851894378662,0.5595827698707581
28,0.740230917930603,0.5754404067993164
29,0.7576009631156921,0.5911301374435425
30,0.8540699481964111,0.6083658337593079
31,0.8938964009284973,0.6257157325744629
32,0.8242350220680237,0.6408998966217041
33,0.7612892985343933,0.6542584300041199
34,0.7359612584114075,0.6666532158851624
35,0.6908137798309326,0.6777995824813843
36,0.7148293852806091,0.6889894008636475
37,0.6909657716751099,0.6993945837020874
38,0.7239770293235779,0.709983766078949
39,0.694292426109314,0.7197397947311401
40,0.7497185468673706,0.7299991846084595
41,0.7696895599365234,0.7401715517044067
42,0.7681554555892944,0.7499390244483948
43,0.7739123702049255,0.759415864944458
44,0.7636646032333374,0.7684007883071899
45,0.8613663911819458,0.778261125087738
46,0.8624792695045471,0.7877141237258911
47,0.850182294845581,0.7966232895851135
48,0.9153359532356262,0.80586838722229
49,0.8104140758514404,0.8135988712310791
50,0.7257297039031982,0.8201717734336853
51,0.7527244687080383,0.8267719149589539
52,0.6611490249633789,0.8322739601135254
53,0.6797379851341248,0.837766706943512
54,0.6422432065010071,0.8427491188049316
55,0.6089745163917542,0.847293496131897
56,0.5470414757728577,0.8511928915977478
57,0.46618014574050903,0.8543393015861511
58,0.3862195611000061,0.8567861914634705
59,0.28915247321128845,0.8584368228912354
60,0.22432588040828705,0.8595693707466125
61,0.14460623264312744,0.8600848317146301
62,0.14045272767543793,0.8605660796165466
63,0.06309186667203903,0.8604604601860046
64,0.0,0.8598780632019043
65,0.0,0.8592943549156189
66,0.0,0.8587093353271484
67,0.004000736866146326,0.8581535816192627
68,0.0,0.8575659990310669
69,0.010390433482825756,0.8570572137832642
70,0.09436053782701492,0.8571972250938416
71,0.12331307679414749,0.8575606942176819
72,0.1742275357246399,0.8583152294158936
73,0.2598907947540283,0.8597217202186584
74,0.18419215083122253,0.8605371117591858
75,0.10303818434476852,0.8607333302497864
76,0.03702503442764282,0.860430896282196
77,0.0,0.8598484396934509
78,0.06704574078321457,0.8597736358642578
79,0.0,0.8591896891593933
80,0.0,0.8586044311523438
81,0.04301723092794418,0.8583471775054932
82,0.0511203296482563,0.8581520915031433
83,0.00802571326494217,0.8576261401176453
84,0.0,0.857037365436554
85,0.0,0.8564472794532776
86,0.0,0.8558558225631714
87,0.08175958693027496,0.855900764465332
88,0.15335220098495483,0.8565038442611694
89,0.21331699192523956,0.85756915807724
90,0.23094062507152557,0.8587608933448792
91,0.20538429915905,0.8597455024719238
92,0.19081048667430878,0.8606110215187073
93,0.21692891418933868,0.8616670966148376
94,0.2510513365268707,0.8629693388938904
95,0.11222733557224274,0.8632261753082275
96,0.12191758304834366,0.8635539412498474
97,0.1687348186969757,0.8642266988754272
98,0.1203252300620079,0.8645385503768921
99,0.0,0.8639651536941528
